Task ID,Created At,Completed At,Last Modified,Name,Section/Column,Assignee,Assignee Email,Start Date,Due Date,Tags,Notes,Projects,Parent task,Blocked By (Dependencies),Blocking (Dependencies),Estimated time,Actual time,Priority,Task Progress,Iteration_01,Iteration_02,Iteration_03,Iteration_04,iteration_05,Average,Perf_BRD,Deviation % Current Vs BRD,GREEN,YELLOW,RED,Devices,Previous Value,BRD Status,Deviation % Current vs Previous,Previous Status,Tester Remark,Logs Link,Audited By,Auditor N-points elapsed time (h:m),DA Value,Auditor Pass,iteration_06,iteration_07,iteration_08,iteration_09,iteration_10,Iteration count
,,,,Test Execution,,,,,,,,,,,,,,,,,,,,,,,,,,,,,,,,,,,,,,,,,,,
,,,,P1 Barolo,Test Execution,,,,,,,Kindle Performance,,,,,,,,,,,,,,,,,,,,,,,,,,,,,,,,,,,
,,,,Time to Launch store from Home (Re-Open)- Wi-Fi,Test Execution,,,,,,,Kindle Performance,P1 Barolo,,,00:30:00,,P1,,,,,,,,1.64,,,,,Barolo,1.67,,,,,,,,,,,,,,,
,,,,"Time taken in Store – Category of books, next page turn (Cached)",Test Execution,,,,,,,Kindle Performance,P1 Barolo,,,00:30:00,,P1,,,,,,,,0.54,,,,,Barolo,0.54,,,,,,,,,,,,,,,
,,,,"Time taken in Store – Category of books, prev page turn (Cached)",Test Execution,,,,,,,Kindle Performance,P1 Barolo,,,00:30:00,,P1,,,,,,,,0.53,,,,,Barolo,0.54,,,,,,,,,,,,,,,
,,,,Time taken to Open the book from the sidekick card,Test Execution,,,,,,,Kindle Performance,P1 Barolo,,,00:30:00,,P1,,,,,,,,NA,,,,,Barolo,NA,,,,,,,,,,,,,,,
,,,,Time taken to launch Home page on clicking Start reading from the Profile picker page. (With cover image loaded),Test Execution,,,,,,,Kindle Performance,P1 Barolo,,,00:30:00,,P1,,,,,,,,NA,,,,,Barolo,NA,,,,,,,,,,,,,,,
,,,,Time to launch browser from home (after reboot),Test Execution,,,,,,,Kindle Performance,P1 Barolo,,,00:30:00,,P1,,,,,,,,12.57,,,,,Barolo,12.54,,,,,,,,,,,,,,,
,,,,Time to close Browser and return to Home Screen,Test Execution,,,,,,,Kindle Performance,P1 Barolo,,,00:30:00,,P1,,,,,,,,1.45,,,,,Barolo,1.91,,,,,,,,,,,,,,,
,,,,Time taken to open Browser Settings,Test Execution,,,,,,,Kindle Performance,P1 Barolo,,,00:30:00,,P1,,,,,,,,1.21,,,,,Barolo,1.24,,,,,,,,,,,,,,,
,,,,Time to switch from eBook to Browser,Test Execution,,,,,,,Kindle Performance,P1 Barolo,,,00:30:00,,P1,,,,,,,,14.05,,,,,Barolo,14.53,,,,,,,,,,,,,,,
,,,,Time to switch from settings to browser,Test Execution,,,,,,,Kindle Performance,P1 Barolo,,,00:30:00,,P1,,,,,,,,6.05,,,,,Barolo,6.25,,,,,,,,,,,,,,,
,,,,Time to load browser(amazon.com) from home.,Test Execution,,,,,,,Kindle Performance,P1 Barolo,,,00:30:00,,P1,,,,,,,,1.5,,,,,Barolo,1.54,,,,,,,,,,,,,,,
,,,,Time it takes to open a standalone notebook in Grid view.,Test Execution,,,,,,,Kindle Performance,P1 Barolo,,,00:30:00,,P1,,,,,,,,1.47,,,,,Barolo,2.14,,,,,,,,,,,,,,,
,,,,Time it takes to close a standalone notebook in Grid view.,Test Execution,,,,,,,Kindle Performance,P1 Barolo,,,00:30:00,,P1,,,,,,,,0.73,,,,,Barolo,0.94,,,,,,,,,,,,,,,
,,,,Time it takes to download a standalone notebook - Grid view,Test Execution,,,,,,,Kindle Performance,P1 Barolo,,,00:30:00,,P1,,,,,,,,14,,,,,Barolo,14.3,,,,,,,,,,,,,,,
,,,,Customer converts a notebook with 1 Page - Preview - 70 Words - Summarize - Existing,Test Execution,,,,,,,Kindle Performance,P1 Barolo,,,00:30:00,,P1,,,,,,,,9,,,,,Barolo,9.2,,,,,,,,,,,,,,,
,,,,Customer converts a notebook with 5 Pages - Preview- 70 Words - Summarize - Existing,Test Execution,,,,,,,Kindle Performance,P1 Barolo,,,00:30:00,,P1,,,,,,,,9.2,,,,,Barolo,9.5,,,,,,,,,,,,,,,
,,,,"Customer adds a converted 15page summarized notebook ""Add as first page ""-70 Words - Summarize - Existing",Test Execution,,,,,,,Kindle Performance,P1 Barolo,,,00:30:00,,P1,,,,,,,,2.55,,,,,Barolo,2.55,,,,,,,,,,,,,,,
,,,,"50 pages existing notebook, 15 selected - Preview-70 Words - Summarize - Existing",Test Execution,,,,,,,Kindle Performance,P1 Barolo,,,00:30:00,,P1,,,,,,,,13,,,,,Barolo,13.6,,,,,,,,,,,,,,,
,,,,Customer converts a notebook with 1 Page - Preview-70 Words - Summarize - New,Test Execution,,,,,,,Kindle Performance,P1 Barolo,,,00:30:00,,P1,,,,,,,,17,,,,,Barolo,17.8,,,,,,,,,,,,,,,
,,,,"5 pages new notebook, 1 selected - Preview- 70 Words - Summarize - New",Test Execution,,,,,,,Kindle Performance,P1 Barolo,,,00:30:00,,P1,,,,,,,,42,,,,,Barolo,43.4,,,,,,,,,,,,,,,
,,,,Customer converts a notebook with 1 Page - Preview - 70 Words - Refine - Existing,Test Execution,,,,,,,Kindle Performance,P1 Barolo,,,00:30:00,,P1,,,,,,,,13.8,,,,,Barolo,13.8,,,,,,,,,,,,,,,
,,,,Customer converts a notebook with 5 Pages - Preview- 70 Words - Refine - Existing,Test Execution,,,,,,,Kindle Performance,P1 Barolo,,,00:30:00,,P1,,,,,,,,16.2,,,,,Barolo,17.4,,,,,,,,,,,,,,,
,,,,"Customer adds a converted 10 page summarized notebook ""Add as first page ""-70 Words - Refine - Existing",Test Execution,,,,,,,Kindle Performance,P1 Barolo,,,00:30:00,,P1,,,,,,,,7.23,,,,,Barolo,7.38,,,,,,,,,,,,,,,
,,,,"50 pages existing notebook, 10 selected - Preview - 70 Words - Refine - Existing",Test Execution,,,,,,,Kindle Performance,P1 Barolo,,,00:30:00,,P1,,,,,,,,18.1,,,,,Barolo,19,,,,,,,,,,,,,,,
,,,,Customer converts a notebook with 1 Page - Preview-70 Words - Refine - New,Test Execution,,,,,,,Kindle Performance,P1 Barolo,,,00:30:00,,P1,,,,,,,,21.8,,,,,Barolo,22.6,,,,,,,,,,,,,,,
,,,,"5 pages new notebook, 1 selected - Preview- 70 Words - Refine - New",Test Execution,,,,,,,Kindle Performance,P1 Barolo,,,00:30:00,,P1,,,,,,,,47.8,,,,,Barolo,49.2,,,,,,,,,,,,,,,
,,,,Open existing notebook with summarized text 5 page - 160 W,Test Execution,,,,,,,Kindle Performance,P1 Barolo,,,00:30:00,,P1,,,,,,,,1.56,,,,,Barolo,1.67,,,,,,,,,,,,,,,
,,,,Previous page turn with summarized text 5 page- 160 W,Test Execution,,,,,,,Kindle Performance,P1 Barolo,,,00:30:00,,P1,,,,,,,,0.74,,,,,Barolo,0.75,,,,,,,,,,,,,,,
,,,,Next page turn with summarized text 5 page - 160 W,Test Execution,,,,,,,Kindle Performance,P1 Barolo,,,00:30:00,,P1,,,,,,,,0.75,,,,,Barolo,0.76,,,,,,,,,,,,,,,
,,,,Close notebook with summarized text 5 page - 160 W,Test Execution,,,,,,,Kindle Performance,P1 Barolo,,,00:30:00,,P1,,,,,,,,1.71,,,,,Barolo,1.73,,,,,,,,,,,,,,,
,,,,Download an notebook with summarized text of 15 pages and 160 words,Test Execution,,,,,,,Kindle Performance,P1 Barolo,,,00:30:00,,P1,,,,,,,,78.61,,,,,Barolo,85.02,,,,,,,,,,,,,,,
,,,,First time open after download with summarized text of 15 pages and 160 words,Test Execution,,,,,,,Kindle Performance,P1 Barolo,,,00:30:00,,P1,,,,,,,,1.76,,,,,Barolo,2.35,,,,,,,,,,,,,,,
,,,,Launch BEV with summarized text of 50 pages with 160 words in each page,Test Execution,,,,,,,Kindle Performance,P1 Barolo,,,00:30:00,,P1,,,,,,,,1.43,,,,,Barolo,1.85,,,,,,,,,,,,,,,
,,,,Exit BEV with summarized text of 50 pages with 160 words in each page,Test Execution,,,,,,,Kindle Performance,P1 Barolo,,,00:30:00,,P1,,,,,,,,1.34,,,,,Barolo,1.37,,,,,,,,,,,,,,,
,,,,Change template in BEV with summarized text of 50 pages with 160 words in each page - All pages,Test Execution,,,,,,,Kindle Performance,P1 Barolo,,,00:30:00,,P1,,,,,,,,7.4,,,,,Barolo,9.72,,,,,,,,,,,,,,,
,,,,Share entire notebook with summarized text of 50 pages with 70 words in each page - Send S3 Bucket,Test Execution,,,,,,,Kindle Performance,P1 Barolo,,,00:30:00,,P1,,,,,,,,112.8,,,,,Barolo,155.4,,,,,,,,,,,,,,,
,,,,Share entire notebook after Refined text of 50 pages with 70 words in each page - Send S3 Bucket,Test Execution,,,,,,,Kindle Performance,P1 Barolo,,,00:30:00,,P1,,,,,,,,112.8,,,,,Barolo,Blocked,,,,,,,,,,,,,,,
,,,,insert at front to notebook,Test Execution,,,,,,,Kindle Performance,P1 Barolo,,,00:30:00,,P1,,,,,,,,2.004,,,,,Barolo,2.06,,,,,,,,,,,,,,,
,,,,insert at Last to notebook,Test Execution,,,,,,,Kindle Performance,P1 Barolo,,,00:30:00,,P1,,,,,,,,21.3,,,,,Barolo,22.66,,,,,,,,,,,,,,,
,,,,"Measure the font settlement in preview switch from line spacing ""Narrow to Wide""",Test Execution,,,,,,,Kindle Performance,P1 Barolo,,,00:30:00,,P1,,,,,,,,1.0975,,,,,Barolo,1.15,,,,,,,,,,,,,,,
,,,,Time taken to open Browser Settings,Test Execution,,,,,,,Kindle Performance,P1 Barolo,,,00:30:00,,P1,,,,,,,,1.21,,,,,Barolo,1.24,,,,,,,,,,,,,,,
,,,,Time to switch from settings to browser,Test Execution,,,,,,,Kindle Performance,P1 Barolo,,,00:30:00,,P1,,,,,,,,6.05,,,,,Barolo,6.25,,,,,,,,,,,,,,,
,,,,Settings -> Wi-Fi -Scroll down with double tap,Test Execution,,,,,,,Kindle Performance,P1 Barolo,,,00:30:00,,P1,,,,,,,,NA,,,,,Barolo,NA,,,,,,,,,,,,,,,
,,,,Quick action page.,Test Execution,,,,,,,Kindle Performance,P1 Barolo,,,00:30:00,,P1,,,,,,,,0.76,,,,,Barolo,0.79,,,,,,,,,,,,,,,
,,,,Time taken to open Browser Settings,Test Execution,,,,,,,Kindle Performance,P1 Barolo,,,00:30:00,,P1,,,,,,,,1.21,,,,,Barolo,1.24,,,,,,,,,,,,,,,
,,,,Time to switch from settings to browser,Test Execution,,,,,,,Kindle Performance,P1 Barolo,,,00:30:00,,P1,,,,,,,,6.05,,,,,Barolo,6.25,,,,,,,,,,,,,,,
,,,,Settings -> Wi-Fi -Scroll down with double tap,Test Execution,,,,,,,Kindle Performance,P1 Barolo,,,00:30:00,,P1,,,,,,,,NA,,,,,Barolo,NA,,,,,,,,,,,,,,,
,,,,Quick action page.,Test Execution,,,,,,,Kindle Performance,P1 Barolo,,,00:30:00,,P1,,,,,,,,0.76,,,,,Barolo,0.79,,,,,,,,,,,,,,,
